list,clip,expected_film,in_catalogue,answered_film,reproduced,stage,rule,reason,exit_kind,frames,avg_hamming,wait_s,duration_s,query_s,best_hint
wrong,www_instagram_com_reel_DXuDpC8iHy_stkn_Zmp4bTlhb3ljMzNz.mp4,6 Underground,yes,,no,early-reject,REJECT,"best_hamming=74>47 after 66 hashes -> no match, early reject",NO_MATCH_REJECT,,,0,34,6.8,
wrong,www_instagram_com_reel_DdoSwatzKQQ_stkn_MTJza3F0YzIzbDYzaQ_.mp4,Double Occupancy,no,,no,early-reject,REJECT,"best_hamming=72>47 after 64 hashes -> no match, early reject",NO_MATCH_REJECT,,,0,38,10.4,
wrong,www_instagram_com_reel_Ddobo0EAD8z_stkn_MWF4Mmlqd2tmbnEwbg_.mp4,Erased,yes,,no,early-reject,REJECT,"best_hamming=74>47 after 64 hashes -> no match, early reject",NO_MATCH_REJECT,,,0,50,9.3,
wrong,www_instagram_com_reel_DdFOVGfSbL9_stkn_YzU4NnR6M2MwdHBh.mp4,Hellraiser: Deader,yes,,no,early-reject,REJECT,"best_hamming=74>47 after 64 hashes -> no match, early reject",NO_MATCH_REJECT,,,0,117,9.7,
wrong,www_instagram_com_reel_Ddjb8H1JQhL_stkn_MTJub2UwdmkwcWRuMA_.mp4,Boogie Nights,yes,,no,early-reject,REJECT,"best_hamming=66>47 after 64 hashes -> no match, early reject",NO_MATCH_REJECT,,,0,61,9.1,
wrong,vt_tiktok_com_ZSq7L98BL_.mp4,The Contestant,yes,,no,early-reject,REJECT,"best_hamming=76>47 after 64 hashes -> no match, early reject",NO_MATCH_REJECT,,,0,135,8.9,
wrong,vt_tiktok_com_ZSqbUnAX9_.mp4,Krrish 3,yes,226904:Krrish 3 (tmdb=204435),yes,pre-scan,SCAN,SCAN: whole-clip pre-scan min_hamming=6 frames=27,SCAN_ACCEPT,27,6.0,0,180,3.5,
wrong,www_facebook_com_share_v_1HfRzy1imt_.mp4,Smile,yes,5300:Smile (tmdb=882598),yes,probe,P0,P0: probe min_hamming=22 < 30,EARLY_ACCEPT,5,26.8,0,184,4.0,
wrong,youtube_com_shorts_Zg7mmY05eso_is_ZOJNYtGpNDZab1zk.mp4,Spider-Man 3,yes,,no,early-reject,REJECT,"best_hamming=80>47 after 64 hashes -> no match, early reject",NO_MATCH_REJECT,,,0,22,28.6,
wrong,vm_tiktok_com_ZN82t37uf_.mp4,Apocalypse in the Tropics,yes,,no,early-reject,REJECT,"best_hamming=70>47 after 66 hashes -> no match, early reject",NO_MATCH_REJECT,,,0,15,3.9,
wrong,vt_tiktok_com_ZSqMvqcJN_.mp4,Night Moves,yes,,no,early-reject,REJECT,"best_hamming=70>47 after 64 hashes -> no match, early reject",NO_MATCH_REJECT,,,0,80,6.3,
wrong,vm_tiktok_com_ZN8Yn16tp_.mp4,Captain America: Civil War,yes,540:Captain America: Civil War (tmdb=271110),yes,pre-scan,SCAN,SCAN: whole-clip pre-scan min_hamming=12 frames=4,SCAN_ACCEPT,4,12.0,0,36,5.6,
wrong,www_instagram_com_reel_Dc11mZNBOuD_.mp4,Valkyrie,yes,,no,early-reject,REJECT,"best_hamming=82>47 after 66 hashes -> no match, early reject",NO_MATCH_REJECT,,,0,32,7.1,
wrong,www_instagram_com_reel_Dcy1XeJSuj1_.mp4,Cobain: Montage of Heck,yes,,no,early-reject,REJECT,"best_hamming=66>47 after 64 hashes -> no match, early reject",NO_MATCH_REJECT,,,0,22,8.8,
wrong,vt_tiktok_com_ZSq1X4d4C_.mp4,Grave Encounters 2,yes,119306:Grave Encounters 2 (tmdb=134366),yes,end-of-clip,P9E,P9E: Only movie overall with avg≤35 (avg=34.0) and frames=2 (≥2),VIDEO_END,2,34.0,0,10,6.2,
wrong,www_facebook_com_share_v_1889t4XhvW_.mp4,All the King's Men,yes,,no,early-reject,REJECT,"best_hamming=76>47 after 64 hashes -> no match, early reject",NO_MATCH_REJECT,,,0,150,27.4,
wrong,www_instagram_com_reel_DcwXrXEsKnY_.mp4,Tranquility.Aeterna.2026.1080p.WEBRip.x264.AAC-LAMA,yes,,no,early-reject,REJECT,"best_hamming=70>47 after 64 hashes -> no match, early reject",NO_MATCH_REJECT,,,0,59,8.9,
wrong,www_instagram_com_reel_Dbl06fuzCQQ_.mp4,The Misfits,yes,43847:F1: The Movie (tmdb=911430),no,streaming-rule,P1,P1: min_hamming=8.0 < 15 with 27 frames,EARLY_ACCEPT,27,28.1,0,60,8.5,
wrong,www_facebook_com_share_r_14woyxuzQk7_.mp4,The In Between,yes,83904:The In Between (tmdb=818750),yes,pre-scan,SCAN,SCAN: whole-clip pre-scan min_hamming=18 frames=4,SCAN_ACCEPT,4,18.0,0,30,8.6,
wrong,vt_tiktok_com_ZS4K8pTw1_.mp4,Mission: Impossible - Fallout,yes,,no,early-reject,REJECT,"best_hamming=62>47 after 64 hashes -> no match, early reject",NO_MATCH_REJECT,,,0,99,10.3,
wrong,www_instagram_com_reel_DbqHAFRowbJ_.mp4,The Last of the Mohicans,yes,,no,early-reject,REJECT,"best_hamming=74>47 after 66 hashes -> no match, early reject",NO_MATCH_REJECT,,,0,24,13.8,
wrong,vm_tiktok_com_ZN8dGGBuH_.mp4,Official Secrets,yes,,no,early-reject,REJECT,"best_hamming=78>47 after 66 hashes -> no match, early reject",NO_MATCH_REJECT,,,0,23,6.5,
wrong,vm_tiktok_com_ZN8dGpTak_.mp4,What Is a Woman?,yes,,no,early-reject,REJECT,"best_hamming=74>47 after 65 hashes -> no match, early reject",NO_MATCH_REJECT,,,0,20,6.9,
wrong,www_instagram_com_reel_DbNvw_eANcw_igsh_MXY3bm02eDZmMmVsaA_.mp4,99 Homes,yes,,no,early-reject,REJECT,"best_hamming=76>47 after 64 hashes -> no match, early reject",NO_MATCH_REJECT,,,0,70,16.8,
wrong,vm_tiktok_com_ZS4MtfV2y_This_post_is_shared_via_TikTok_Lite_Download_TikTok_Lite.mp4,The Northman,yes,290:The Northman (tmdb=639933),yes,pre-scan,SCAN,SCAN: whole-clip pre-scan min_hamming=6 frames=6,SCAN_ACCEPT,6,6.0,0,132,7.6,
wrong,www_instagram_com_reel_DbVWZdntAVH_igsh_MTJxNWZybmthamxhZg_.mp4,One Battle After Another,yes,,no,early-reject,REJECT,"best_hamming=76>47 after 64 hashes -> no match, early reject",NO_MATCH_REJECT,,,0,60,14.3,
wrong,www_instagram_com_reel_C1fCDVCoiMo_.mp4,Salvable,yes,,no,early-reject,REJECT,"best_hamming=60>47 after 64 hashes -> no match, early reject",NO_MATCH_REJECT,,,0,27,14.2,
wrong,www_instagram_com_p_CKr26i1nsB8_.mp4,Thrash,yes,,no,early-reject,REJECT,"best_hamming=78>47 after 66 hashes -> no match, early reject",NO_MATCH_REJECT,,,0,19,8.4,
wrong,www_facebook_com_share_v_1Hao6fkTco_.mp4,The Last Voyage of the Demeter,yes,73032:The Last Voyage of the Demeter (tmdb=635910),yes,streaming-rule,P8,P8: 31 frames in 35-45 (≥30),EARLY_ACCEPT,31,41.4,12,2117,31.3,
wrong,www_instagram_com_reel_DZ0LdUoSjo0_igsh_MXBtZTY1Y2dtamU0cw_.mp4,Colossus: The Forbin Project,yes,,no,early-reject,REJECT,"best_hamming=76>47 after 64 hashes -> no match, early reject",NO_MATCH_REJECT,,,0,18,12.4,
wrong,vm_tiktok_com_ZN81U1WbS_.mp4,Role Play,yes,,no,early-reject,REJECT,"no-evidence ev=0<4 mh=inf>35 cmin=46 after 96 hashes -> no match, early reject",NO_MATCH_REJECT,,,0,53,11.1,
wrong,www_instagram_com_reel_Da700R_AEJS_igsh_MXNxems5cjFxM25mOA_.mp4,The Lone Ranger,yes,,no,early-reject,REJECT,"best_hamming=80>47 after 64 hashes -> no match, early reject",NO_MATCH_REJECT,,,0,67,13.0,
wrong,vm_tiktok_com_ZN81dv1f5_.mp4,Your Romeo,yes,,no,early-reject,REJECT,"best_hamming=72>47 after 64 hashes -> no match, early reject",NO_MATCH_REJECT,,,0,24,5.2,
wrong,www_instagram_com_reel_DLnTNQqIG0K_.mp4,In the Name of the King: A Dungeon Siege Tale,yes,,no,early-reject,REJECT,"best_hamming=68>47 after 69 hashes -> no match, early reject",NO_MATCH_REJECT,,,0,10,13.4,
wrong,www_instagram_com_reel_Da3DotqKio0_.mp4,All Quiet on the Western Front,yes,,no,early-reject,REJECT,"best_hamming=70>47 after 64 hashes -> no match, early reject",NO_MATCH_REJECT,,,0,18,13.1,
wrong,www_instagram_com_reel_Da0XBjtsXhQ_.mp4,Meet Cute,yes,,no,early-reject,REJECT,"best_hamming=68>47 after 67 hashes -> no match, early reject",NO_MATCH_REJECT,,,0,21,9.2,
wrong,vm_tiktok_com_ZNRoeuyEF_.mp4,The Shining,yes,,no,early-reject,REJECT,"best_hamming=70>47 after 66 hashes -> no match, early reject",NO_MATCH_REJECT,,,0,21,8.4,
wrong,www_instagram_com_reel_Dac8EIgzmwB_.mp4,The Great War of Archimedes,yes,,no,early-reject,REJECT,"best_hamming=66>47 after 64 hashes -> no match, early reject",NO_MATCH_REJECT,,,0,37,11.1,
wrong,vm_tiktok_com_ZNRKQYVe7_.mp4,Yan Yana,yes,,no,early-reject,REJECT,"best_hamming=62>47 after 66 hashes -> no match, early reject",NO_MATCH_REJECT,,,0,11,5.5,
wrong,www_instagram_com_reel_DaWCvIeznkR_.mp4,Son of God,yes,,no,early-reject,REJECT,"best_hamming=72>47 after 64 hashes -> no match, early reject",NO_MATCH_REJECT,,,0,47,12.2,
correct,vt_tiktok_com_ZSqXsLs5x_.mp4,Magadheera,yes,226907:Magadheera (tmdb=23790),yes,pre-scan,SCAN,SCAN: whole-clip pre-scan min_hamming=2 frames=16,SCAN_ACCEPT,16,2.0,0,209,4.8,
correct,www_instagram_com_reel_Ddnrx7iofhV_stkn_Y2NkY2N0NjM0dXVn.mp4,The Kissing Booth 2,yes,223795:The Kissing Booth 2 (tmdb=583083),yes,pre-scan,SCAN,SCAN: whole-clip pre-scan min_hamming=14 frames=5,SCAN_ACCEPT,5,14.0,0,18,4.2,
correct,www_instagram_com_reel_DdieB1qRC2m_stkn_MWxwa2EzcHFqZjAwdg_.mp4,Behind the Mask: The Rise of Leslie Vernon,yes,,no,early-reject,REJECT,"best_hamming=78>47 after 64 hashes -> no match, early reject",NO_MATCH_REJECT,,,0,15,9.2,
correct,vm_tiktok_com_ZN8rNvaKw_.mp4,Brick,yes,202981:Brick (tmdb=9270),yes,pre-scan,SCAN,SCAN: whole-clip pre-scan min_hamming=8 frames=6,SCAN_ACCEPT,6,8.0,0,24,6.6,
correct,vt_tiktok_com_ZSbLw6Kax_.mp4,Freaky Tales,yes,,no,early-reject,REJECT,"best_hamming=58>47 after 64 hashes -> no match, early reject",NO_MATCH_REJECT,,,0,124,9.0,
correct,www_instagram_com_reel_Ddl9xIHoEmj_stkn_MW10MjJjMmtxZXAwZw_.mp4,The Family Plan,yes,6001:The Family Plan (tmdb=1029575),yes,pre-scan,SCAN,SCAN: whole-clip pre-scan min_hamming=14 frames=27,SCAN_ACCEPT,27,14.0,0,80,11.3,
correct,vt_tiktok_com_ZSbJjeJeh_.mp4,Ella Enchanted,yes,,no,early-reject,REJECT,"best_hamming=82>47 after 64 hashes -> no match, early reject",NO_MATCH_REJECT,,,0,184,6.9,
correct,vm_tiktok_com_ZN8M9JmrK_.mp4,Rise of the Guardians,yes,2103:Rise of the Guardians (tmdb=81188),yes,pre-scan,SCAN,SCAN: whole-clip pre-scan min_hamming=4 frames=51,SCAN_ACCEPT,51,4.0,0,37,5.3,
correct,vt_tiktok_com_ZSb19UckU_.mp4,Knights of the Zodiac,yes,215345:Knights of the Zodiac (tmdb=455476),yes,pre-scan,SCAN,SCAN: whole-clip pre-scan min_hamming=6 frames=9,SCAN_ACCEPT,9,6.0,0,180,2.2,
correct,vt_tiktok_com_ZSqK8X9QX_.mp4,The Forge,yes,60097:The Forge (tmdb=1186532),yes,pre-scan,SCAN,SCAN: whole-clip pre-scan min_hamming=2 frames=22,SCAN_ACCEPT,22,2.0,0,339,2.9,
correct,youtube_com_shorts_mJCAh3yiuyU_si_Ovs0LRFJAGvSy3Ib.mp4,Cocktail 2,yes,222924:Cocktail 2 (tmdb=1392469),yes,pre-scan,SCAN,SCAN: whole-clip pre-scan min_hamming=12 frames=8,SCAN_ACCEPT,8,12.0,0,34,342.0,
correct,vm_tiktok_com_ZGdQXeW7j_.mp4,Barbarian,yes,,no,early-reject,REJECT,"best_hamming=74>47 after 66 hashes -> no match, early reject",NO_MATCH_REJECT,,,0,245,9.8,
correct,vt_tiktok_com_ZSq3D4qew_.mp4,Baaghi,yes,226528:Baaghi (tmdb=391629),yes,pre-scan,SCAN,SCAN: whole-clip pre-scan min_hamming=10 frames=29,SCAN_ACCEPT,29,10.0,0,172,5.6,
correct,vt_tiktok_com_ZSqWxgnn8_.mp4,Allegiant,yes,216304:Allegiant (tmdb=262504),yes,pre-scan,SCAN,SCAN: whole-clip pre-scan min_hamming=6 frames=25,SCAN_ACCEPT,25,6.0,0,126,6.9,
correct,vt_tiktok_com_ZSqWrVb3L_.mp4,Good Luck Chuck,yes,24768:Good Luck Chuck (tmdb=10030),yes,pre-scan,SCAN,SCAN: whole-clip pre-scan min_hamming=8 frames=44,SCAN_ACCEPT,44,8.0,0,128,5.6,
correct,vt_tiktok_com_ZSqnRTQAh_.mp4,Headhunters,yes,2478:Headhunters (tmdb=70670),yes,pre-scan,SCAN,SCAN: whole-clip pre-scan min_hamming=18 frames=7,SCAN_ACCEPT,7,18.0,0,49,9.8,
correct,vt_tiktok_com_ZSqnJuR2r_.mp4,Headhunters,yes,2478:Headhunters (tmdb=70670),yes,pre-scan,SCAN,SCAN: whole-clip pre-scan min_hamming=16 frames=12,SCAN_ACCEPT,12,16.0,0,16,9.8,
correct,vt_tiktok_com_ZSqnJpQLF_.mp4,Mayday,yes,226892:Mayday (tmdb=1137844),yes,pre-scan,SCAN,SCAN: whole-clip pre-scan min_hamming=14 frames=23,SCAN_ACCEPT,23,14.0,0,123,5.8,
correct,www_facebook_com_share_r_19CaPdfVjV_.mp4,Lupin III: The First,yes,,no,early-reject,REJECT,"best_hamming=66>47 after 64 hashes -> no match, early reject",NO_MATCH_REJECT,,,0,34,16.2,
correct,vt_tiktok_com_ZSqsxtTbL_.mp4,Bade Miyan Chote Miyan,yes,223091:Bade Miyan Chote Miyan (tmdb=936622),yes,pre-scan,SCAN,SCAN: whole-clip pre-scan min_hamming=16 frames=8,SCAN_ACCEPT,8,16.0,0,117,11.9,
correct,vt_tiktok_com_ZSqsk7NEK_.mp4,Mohenjo Daro,no,,no,early-reject,REJECT,"best_hamming=78>47 after 66 hashes -> no match, early reject",NO_MATCH_REJECT,,,0,592,7.0,
correct,vm_tiktok_com_ZN86SetqV_.mp4,You Don't Mess with the Zohan,yes,216373:You Don't Mess with the Zohan (tmdb=10661),yes,pre-scan,SCAN,SCAN: whole-clip pre-scan min_hamming=10 frames=9,SCAN_ACCEPT,9,10.0,0,86,6.6,
correct,vt_tiktok_com_ZSqbRrqho_.mp4,Jumanji: The Next Level,yes,45307:Jumanji: The Next Level (tmdb=512200),yes,pre-scan,SCAN,SCAN: whole-clip pre-scan min_hamming=0 frames=67,SCAN_ACCEPT,67,0.0,0,197,5.4,
correct,vt_tiktok_com_ZSqbJoV57_.mp4,Karate Kid: Legends,yes,56347:Karate Kid: Legends (tmdb=1011477),yes,pre-scan,SCAN,SCAN: whole-clip pre-scan min_hamming=14 frames=18,SCAN_ACCEPT,18,14.0,0,97,6.6,
correct,www_facebook_com_share_v_1HSEoR8Rku_.mp4,Matilda: The Musical,yes,3229:Matilda: The Musical (tmdb=668482),yes,pre-scan,SCAN,SCAN: whole-clip pre-scan min_hamming=16 frames=16,SCAN_ACCEPT,16,16.0,0,154,4.8,
correct,vt_tiktok_com_ZSqqsXC8X_.mp4,Baaghi,yes,226528:Baaghi (tmdb=391629),yes,pre-scan,SCAN,SCAN: whole-clip pre-scan min_hamming=8 frames=15,SCAN_ACCEPT,15,8.0,0,166,4.8,
correct,vt_tiktok_com_ZSqqpFFnw_.mp4,Spider-Man,yes,20241:Spider-Man (tmdb=557),yes,pre-scan,SCAN,SCAN: whole-clip pre-scan min_hamming=2 frames=68,SCAN_ACCEPT,68,2.0,0,125,5.9,
correct,www_facebook_com_share_v_1EasknJPkY_.mp4,The Mist,yes,43517:The Mist (tmdb=5876),yes,pre-scan,SCAN,SCAN: whole-clip pre-scan min_hamming=2 frames=39,SCAN_ACCEPT,39,2.0,0,128,9.8,
correct,www_facebook_com_share_v_19MocXKxen_.mp4,A Quiet Place Part II,yes,195:A Quiet Place Part II (tmdb=520763),yes,pre-scan,SCAN,SCAN: whole-clip pre-scan min_hamming=6 frames=8,SCAN_ACCEPT,8,6.0,0,204,5.5,
correct,www_tiktok_com_t_ZTUVJq7hS_.mp4,American Ultra,yes,98193:American Ultra (tmdb=261392),yes,probe,P0,P0: probe min_hamming=26 < 30,EARLY_ACCEPT,1,26.0,0,152,5.6,
correct,www_instagram_com_reel_DboJpvJoqze_stkn_MWNsY3p6cmVicGtmaw_.mp4,Kramer vs. Kramer,yes,43132:Kramer vs. Kramer (tmdb=12102),yes,pre-scan,SCAN,SCAN: whole-clip pre-scan min_hamming=12 frames=14,SCAN_ACCEPT,14,12.0,0,29,5.2,
correct,www_instagram_com_reel_DdCF7hlTGsK_stkn_MTVmM2p2YzdvZ3FpYg_.mp4,A Mosquito in the Ear,no,,no,early-reject,REJECT,"best_hamming=76>47 after 66 hashes -> no match, early reject",NO_MATCH_REJECT,,,0,42,9.5,
correct,www_instagram_com_reel_DdMnzJPgWUc_stkn_enE1ZXM2bWE2ZjI3.mp4,Peddi,yes,222925:Peddi (tmdb=1057265),yes,pre-scan,SCAN,SCAN: whole-clip pre-scan min_hamming=2 frames=17,SCAN_ACCEPT,17,2.0,0,90,12.0,
correct,www_tiktok_com_t_ZTUXfYNaU_.mp4,Avengement,yes,,no,early-reject,REJECT,"no-evidence ev=3<4 mh=36>35 cmin=36 after 96 hashes -> no match, early reject",NO_MATCH_REJECT,,,0,117,13.6,912:Avengement (tmdb=534490) frames=3 avg=40.7
correct,vt_tiktok_com_ZSqQ9Q1w9_.mp4,Race to Witch Mountain,yes,21675:Race to Witch Mountain (tmdb=13836),yes,pre-scan,SCAN,SCAN: whole-clip pre-scan min_hamming=14 frames=3,SCAN_ACCEPT,3,14.0,0,84,6.5,
correct,vt_tiktok_com_ZSqQNWCyK_.mp4,Taxi,yes,217260:Taxi (tmdb=11045),yes,pre-scan,SCAN,SCAN: whole-clip pre-scan min_hamming=4 frames=14,SCAN_ACCEPT,14,4.0,0,87,6.5,
correct,vt_tiktok_com_ZSqx75KxJ_.mp4,Welcome To The Jungle,yes,223232:Welcome To The Jungle (tmdb=1169516),yes,pre-scan,SCAN,SCAN: whole-clip pre-scan min_hamming=0 frames=98,SCAN_ACCEPT,98,0.0,0,212,7.9,
correct,vt_tiktok_com_ZSqxHDs8u_.mp4,The Decameron,yes,,no,early-reject,REJECT,"best_hamming=64>47 after 64 hashes -> no match, early reject",NO_MATCH_REJECT,,,0,90,14.7,
correct,www_tiktok_com_t_ZTUCg3GFK_.mp4,The Upside,yes,,no,early-reject,REJECT,"best_hamming=74>47 after 64 hashes -> no match, early reject",NO_MATCH_REJECT,,,0,206,13.1,
correct,vt_tiktok_com_ZSq9nJLtg_.mp4,Don 2,no,,no,early-reject,REJECT,"best_hamming=78>47 after 66 hashes -> no match, early reject",NO_MATCH_REJECT,,,0,131,6.5,
correct,vt_tiktok_com_ZSq9GNvyT_.mp4,Patriot,yes,209385:Patriot (tmdb=1300501),yes,pre-scan,SCAN,SCAN: whole-clip pre-scan min_hamming=0 frames=53,SCAN_ACCEPT,53,0.0,0,153,5.5,
correct,www_instagram_com_reel_Db0WB1BBHYc_stkn_NzU5YW1zaWdxcndv.mp4,Au hasard Balthazar,yes,,no,early-reject,REJECT,"no-evidence ev=0<4 mh=inf>35 cmin=46 after 96 hashes -> no match, early reject",NO_MATCH_REJECT,,,0,16,12.1,
correct,www_tiktok_com_humanity1671_video_7684959825066806559_r_1_u_code_f29495368956ja_.mp4,Magadheera,yes,226907:Magadheera (tmdb=23790),yes,pre-scan,SCAN,SCAN: whole-clip pre-scan min_hamming=4 frames=20,SCAN_ACCEPT,20,4.0,0,195,4.7,
correct,www_instagram_com_reel_DaVpRafiRHw_stkn_MXYwYnJoeGJlNmJuNA_.mp4,Desi Boyz,yes,,no,early-reject,REJECT,"best_hamming=78>47 after 64 hashes -> no match, early reject",NO_MATCH_REJECT,,,0,53,7.8,
correct,www_instagram_com_reel_Db3qbdgiN3j_stkn_MWVjdWJ2d3c0NHNidg_.mp4,Don't Say Good Luck,yes,222246:Don't.Say.Good.Luck.2026.1080p.10bit.WEBRip.6CH.x265.HEVC-PSA (tmdb=1504358),no,pre-scan,SCAN,SCAN: whole-clip pre-scan min_hamming=4 frames=29,SCAN_ACCEPT,29,4.0,0,51,9.4,
correct,vt_tiktok_com_ZSqmwJgae_.mp4,Chhaava,yes,110887:Chhaava (tmdb=1196943),yes,pre-scan,SCAN,SCAN: whole-clip pre-scan min_hamming=12 frames=5,SCAN_ACCEPT,5,12.0,0,65,5.6,
correct,vm_tiktok_com_ZN8jkFKN4_.mp4,The Deer Hunter,yes,,no,early-reject,REJECT,"best_hamming=54>47 after 64 hashes -> no match, early reject",NO_MATCH_REJECT,,,0,16,12.0,
correct,www_tiktok_com_t_ZTUHgVsfJ_.mp4,Flamin' Hot,yes,,no,early-reject,REJECT,"best_hamming=78>47 after 64 hashes -> no match, early reject",NO_MATCH_REJECT,,,0,449,8.7,
correct,www_instagram_com_reel_Da118xcgYEi_stkn_dHdwNG15d2JsNmsw.mp4,Chaos Walking,yes,83860:Chaos Walking (tmdb=412656),yes,pre-scan,SCAN,SCAN: whole-clip pre-scan min_hamming=12 frames=6,SCAN_ACCEPT,6,12.0,0,57,21.7,
correct,www_instagram_com_reel_Dc4VV8TN3n0_stkn_MW8ycWFjcTc4NmR2dg_.mp4,Waiting...,yes,121338:Waiting... (tmdb=7553),yes,pre-scan,SCAN,SCAN: whole-clip pre-scan min_hamming=14 frames=14,SCAN_ACCEPT,14,14.0,0,93,18.4,
correct,vm_tiktok_com_ZN8jRWQL2_.mp4,Hard Boiled,yes,27902:Hard Boiled (tmdb=11782),yes,pre-scan,SCAN,SCAN: whole-clip pre-scan min_hamming=6 frames=9,SCAN_ACCEPT,9,6.0,0,11,21.1,
correct,www_tiktok_com_t_ZP83kJQ6M_.mp4,Zack Snyder's Justice League,yes,1661:Zack Snyder's Justice League (tmdb=791373),yes,probe,P0,P0: probe min_hamming=22 < 30,EARLY_ACCEPT,6,37.3,0,43,17.1,
correct,www_facebook_com_share_r_19BFb1SBR6_mibextid_wwXIfr.mp4,Scary Movie 3,yes,,no,early-reject,REJECT,"no-evidence ev=3<4 mh=40>35 cmin=40 after 96 hashes -> no match, early reject",NO_MATCH_REJECT,,,0,17,23.8,85618:Scary Movie 3 (tmdb=4256) frames=3 avg=42.0
correct,www_instagram_com_reel_DcxoKDSA8_p_stkn_MW5tc2R5Zzk2YTc0eg_.mp4,Eight Legged Freaks,yes,25002:Eight Legged Freaks (tmdb=8869),yes,pre-scan,SCAN,SCAN: whole-clip pre-scan min_hamming=14 frames=7,SCAN_ACCEPT,7,14.0,0,89,19.2,
correct,vm_tiktok_com_ZN82W4Dhk_.mp4,Armour of God,yes,218386:Armour of God (tmdb=10974),yes,pre-scan,SCAN,SCAN: whole-clip pre-scan min_hamming=4 frames=15,SCAN_ACCEPT,15,4.0,0,72,10.9,
correct,www_tiktok_com_t_ZP8369XC2_.mp4,Beerfest,yes,22510:Beerfest (tmdb=9988),yes,pre-scan,SCAN,SCAN: whole-clip pre-scan min_hamming=10 frames=6,SCAN_ACCEPT,6,10.0,0,179,7.4,
correct,vt_tiktok_com_ZSqUQdJsV_.mp4,Bruce Almighty,yes,20102:Bruce Almighty (tmdb=310),yes,pre-scan,SCAN,SCAN: whole-clip pre-scan min_hamming=16 frames=6,SCAN_ACCEPT,6,16.0,0,176,8.3,
correct,vt_tiktok_com_ZSqU9RNX7_.mp4,The Day the Earth Stood Still,yes,,no,early-reject,REJECT,"best_hamming=70>47 after 64 hashes -> no match, early reject",NO_MATCH_REJECT,,,0,56,11.7,
correct,vt_tiktok_com_ZSqUrCrpR_.mp4,Jack and the Cuckoo-Clock Heart,yes,224554:Jack and the Cuckoo-Clock Heart (tmdb=204436),yes,pre-scan,SCAN,SCAN: whole-clip pre-scan min_hamming=18 frames=3,SCAN_ACCEPT,3,18.0,0,61,13.2,
correct,vt_tiktok_com_ZSqDcWNrx_.mp4,The Lucky One,yes,,no,early-reject,REJECT,"best_hamming=70>47 after 64 hashes -> no match, early reject",NO_MATCH_REJECT,,,0,197,36.8,
correct,vm_tiktok_com_ZN82a1vNY_.mp4,Hokum,yes,,no,early-reject,REJECT,"best_hamming=72>47 after 64 hashes -> no match, early reject",NO_MATCH_REJECT,,,0,231,12.8,
correct,www_instagram_com_reel_DdB1HWUqeWt_stkn_MTRkMW9scnJ5angzNg_.mp4,Devotion,yes,,no,early-reject,REJECT,"best_hamming=74>47 after 66 hashes -> no match, early reject",NO_MATCH_REJECT,,,0,136,15.2,
correct,www_instagram_com_reel_Dc_q2OtNE0h_stkn_OXNjejUzNzVlaG5y.mp4,Southpaw,yes,1987:Southpaw (tmdb=307081),yes,pre-scan,SCAN,SCAN: whole-clip pre-scan min_hamming=16 frames=7,SCAN_ACCEPT,7,16.0,0,55,10.9,
correct,vt_tiktok_com_ZSqFpvKsg_.mp4,Transparent · S4 E6,no,,no,early-reject,REJECT,"best_hamming=66>47 after 64 hashes -> no match, early reject",NO_MATCH_REJECT,,,0,46,19.4,
correct,www_instagram_com_reel_Dbl06fuzCQQ_igsi_a3Y5cjgyN29lYzFy.mp4,F1: The Movie,yes,43847:F1: The Movie (tmdb=911430),yes,streaming-rule,P1,P1: min_hamming=8.0 < 15 with 27 frames,EARLY_ACCEPT,27,28.1,0,60,14.1,
correct,www_facebook_com_share_v_1CAphBsozL_.mp4,Big Brother,yes,226424:Big Brother (tmdb=504056),yes,pre-scan,SCAN,SCAN: whole-clip pre-scan min_hamming=10 frames=24,SCAN_ACCEPT,24,10.0,0,550,10.9,
correct,vm_tiktok_com_ZSVwQsX4w_.mp4,The Tank,yes,164359:The Tank (tmdb=1252037),yes,pre-scan,SCAN,SCAN: whole-clip pre-scan min_hamming=10 frames=6,SCAN_ACCEPT,6,10.0,0,337,6.3,
correct,vt_tiktok_com_ZSV3Kdyvs_.mp4,Screamboat,yes,,no,early-reject,REJECT,"best_hamming=72>47 after 64 hashes -> no match, early reject",NO_MATCH_REJECT,,,0,49,15.8,
correct,vt_tiktok_com_ZSVqMkeTK_.mp4,This Is Where I Leave You,yes,3511:This Is Where I Leave You (tmdb=239678),yes,pre-scan,SCAN,SCAN: whole-clip pre-scan min_hamming=10 frames=3,SCAN_ACCEPT,3,10.0,0,188,6.9,
correct,vt_tiktok_com_ZSV5726L3_.mp4,Play Dirty,yes,143:Play Dirty (tmdb=941109),yes,pre-scan,SCAN,SCAN: whole-clip pre-scan min_hamming=14 frames=4,SCAN_ACCEPT,4,14.0,0,137,7.4,
correct,www_instagram_com_reel_DcOMZaNxb1D_igsi_MW82eXU0dDhjZzdnaw_.mp4,Paterson,yes,,no,early-reject,REJECT,"best_hamming=76>47 after 64 hashes -> no match, early reject",NO_MATCH_REJECT,,,0,22,21.2,
correct,vt_tiktok_com_ZSVSV7c31_.mp4,Dark City,yes,,no,early-reject,REJECT,"best_hamming=56>47 after 64 hashes -> no match, early reject",NO_MATCH_REJECT,,,0,75,17.5,
correct,www_instagram_com_reel_DcCdTNNt9Dj_igsh_dHd2cXV2bTV2eHBm.mp4,The Aeronauts,yes,,no,early-reject,REJECT,"best_hamming=70>47 after 64 hashes -> no match, early reject",NO_MATCH_REJECT,,,0,82,23.9,
correct,vm_tiktok_com_ZS4bGjSdu_This_post_is_shared_via_TikTok_Lite_Download_TikTok_Lite.mp4,Maestro,yes,,no,early-reject,REJECT,"best_hamming=72>47 after 65 hashes -> no match, early reject",NO_MATCH_REJECT,,,0,360,14.7,
correct,vm_tiktok_com_ZS4bG5eDq_This_post_is_shared_via_TikTok_Lite_Download_TikTok_Lite.mp4,Maestro,yes,,no,early-reject,REJECT,"best_hamming=72>47 after 65 hashes -> no match, early reject",NO_MATCH_REJECT,,,0,360,12.6,
correct,www_instagram_com_reel_DbaMi3hikRY_igsh_MWdjd2s4YjZpZ2VoNw_.mp4,Joe,yes,,no,early-reject,REJECT,"best_hamming=76>47 after 64 hashes -> no match, early reject",NO_MATCH_REJECT,,,0,74,23.8,
correct,www_instagram_com_reel_DbV2t0jNaVt_igsh_eTFrNDVxejEwYW1i.mp4,Miss Peregrine's Home for Peculiar Children,yes,190198:Miss Peregrine's Home for Peculiar Children (tmdb=283366),yes,probe,P0,P0: probe min_hamming=24 < 30,EARLY_ACCEPT,4,30.0,0,60,10.9,
correct,www_instagram_com_reel_DbWW3t1T6a6_.mp4,Cinderella,yes,,no,early-reject,REJECT,"best_hamming=78>47 after 64 hashes -> no match, early reject",NO_MATCH_REJECT,,,0,62,22.7,
