clip,film,edit,unedited_rule,answered_film,verdict,stage,rule,reason,exit_kind,query_s
vt_tiktok_com_ZSqXsLs5x___mirror.mp4,Magadheera,mirror,SCAN,,no answer,early-reject,REJECT,"best_hamming=76>47 after 66 hashes -> no match, early reject",NO_MATCH_REJECT,8.1
vt_tiktok_com_ZSqXsLs5x___speed125.mp4,Magadheera,speed125,SCAN,226907:Magadheera (tmdb=23790),right film,pre-scan,SCAN,SCAN: whole-clip pre-scan min_hamming=2 frames=14,SCAN_ACCEPT,6.5
vt_tiktok_com_ZSqXsLs5x___speed080.mp4,Magadheera,speed080,SCAN,226907:Magadheera (tmdb=23790),right film,pre-scan,SCAN,SCAN: whole-clip pre-scan min_hamming=2 frames=18,SCAN_ACCEPT,5.9
vt_tiktok_com_ZSqXsLs5x___zoom120.mp4,Magadheera,zoom120,SCAN,226907:Magadheera (tmdb=23790),right film,streaming-rule,P3.5,P3.5 (Stream-Only-Movie [30-35]): 12 frames @ avg_ham=33.7 (sole candidate after 18.6s),EARLY_ACCEPT,24.2
vt_tiktok_com_ZSqXsLs5x___filter.mp4,Magadheera,filter,SCAN,226907:Magadheera (tmdb=23790),right film,pre-scan,SCAN,SCAN: whole-clip pre-scan min_hamming=2 frames=17,SCAN_ACCEPT,3.9
vt_tiktok_com_ZSqXsLs5x___gray.mp4,Magadheera,gray,SCAN,226907:Magadheera (tmdb=23790),right film,pre-scan,SCAN,SCAN: whole-clip pre-scan min_hamming=2 frames=17,SCAN_ACCEPT,3.7
vt_tiktok_com_ZSqXsLs5x___letterbox.mp4,Magadheera,letterbox,SCAN,226907:Magadheera (tmdb=23790),right film,pre-scan,SCAN,SCAN: whole-clip pre-scan min_hamming=10 frames=6,SCAN_ACCEPT,4.3
vt_tiktok_com_ZSqXsLs5x___caption.mp4,Magadheera,caption,SCAN,226907:Magadheera (tmdb=23790),right film,pre-scan,SCAN,SCAN: whole-clip pre-scan min_hamming=6 frames=8,SCAN_ACCEPT,3.9
vt_tiktok_com_ZSqXsLs5x___rot2.mp4,Magadheera,rot2,SCAN,,no answer,early-reject,REJECT,"no-evidence ev=0<4 mh=inf>35 cmin=46 after 96 hashes -> no match, early reject",NO_MATCH_REJECT,6.4
vt_tiktok_com_ZSqXsLs5x___lowq.mp4,Magadheera,lowq,SCAN,226907:Magadheera (tmdb=23790),right film,pre-scan,SCAN,SCAN: whole-clip pre-scan min_hamming=2 frames=16,SCAN_ACCEPT,3.3
www_instagram_com_reel_Ddnrx7iofhV_stkn_Y2NkY2N0NjM0dXVn__mirror.mp4,The Kissing Booth 2,mirror,SCAN,,no answer,early-reject,REJECT,"best_hamming=78>47 after 64 hashes -> no match, early reject",NO_MATCH_REJECT,4.8
www_instagram_com_reel_Ddnrx7iofhV_stkn_Y2NkY2N0NjM0dXVn__speed125.mp4,The Kissing Booth 2,speed125,SCAN,223795:The Kissing Booth 2 (tmdb=583083),right film,streaming-rule,P3.5,P3.5 (Stream-Only-Movie [20-30]): 7 frames @ avg_ham=28.6 (sole candidate after 0.2s),EARLY_ACCEPT,3.3
www_instagram_com_reel_Ddnrx7iofhV_stkn_Y2NkY2N0NjM0dXVn__speed080.mp4,The Kissing Booth 2,speed080,SCAN,223795:The Kissing Booth 2 (tmdb=583083),right film,pre-scan,SCAN,SCAN: whole-clip pre-scan min_hamming=14 frames=5,SCAN_ACCEPT,2.6
www_instagram_com_reel_Ddnrx7iofhV_stkn_Y2NkY2N0NjM0dXVn__zoom120.mp4,The Kissing Booth 2,zoom120,SCAN,223795:The Kissing Booth 2 (tmdb=583083),right film,end-of-clip,P9,P9: Only movie overall in 35-45 with frames_35_45=9 (≥4) avg=40.2,VIDEO_END,16.1
www_instagram_com_reel_Ddnrx7iofhV_stkn_Y2NkY2N0NjM0dXVn__filter.mp4,The Kissing Booth 2,filter,SCAN,223795:The Kissing Booth 2 (tmdb=583083),right film,pre-scan,SCAN,SCAN: whole-clip pre-scan min_hamming=16 frames=5,SCAN_ACCEPT,2.7
www_instagram_com_reel_Ddnrx7iofhV_stkn_Y2NkY2N0NjM0dXVn__gray.mp4,The Kissing Booth 2,gray,SCAN,223795:The Kissing Booth 2 (tmdb=583083),right film,pre-scan,SCAN,SCAN: whole-clip pre-scan min_hamming=14 frames=5,SCAN_ACCEPT,2.6
www_instagram_com_reel_Ddnrx7iofhV_stkn_Y2NkY2N0NjM0dXVn__letterbox.mp4,The Kissing Booth 2,letterbox,SCAN,,no answer,early-reject,REJECT,"best_hamming=58>47 after 64 hashes -> no match, early reject",NO_MATCH_REJECT,5.1
www_instagram_com_reel_Ddnrx7iofhV_stkn_Y2NkY2N0NjM0dXVn__caption.mp4,The Kissing Booth 2,caption,SCAN,223795:The Kissing Booth 2 (tmdb=583083),right film,end-of-clip,P9,P9: Only movie overall in 35-45 with frames_35_45=5 (≥4) avg=39.2,VIDEO_END,16.6
www_instagram_com_reel_Ddnrx7iofhV_stkn_Y2NkY2N0NjM0dXVn__rot2.mp4,The Kissing Booth 2,rot2,SCAN,223795:The Kissing Booth 2 (tmdb=583083),right film,probe,P0,P0: probe min_hamming=24 < 30,EARLY_ACCEPT,3.9
www_instagram_com_reel_Ddnrx7iofhV_stkn_Y2NkY2N0NjM0dXVn__lowq.mp4,The Kissing Booth 2,lowq,SCAN,223795:The Kissing Booth 2 (tmdb=583083),right film,pre-scan,SCAN,SCAN: whole-clip pre-scan min_hamming=14 frames=5,SCAN_ACCEPT,2.7
vm_tiktok_com_ZN8rNvaKw___mirror.mp4,Brick,mirror,SCAN,,no answer,early-reject,REJECT,"best_hamming=72>47 after 66 hashes -> no match, early reject",NO_MATCH_REJECT,7.3
vm_tiktok_com_ZN8rNvaKw___speed125.mp4,Brick,speed125,SCAN,202981:Brick (tmdb=9270),right film,pre-scan,SCAN,SCAN: whole-clip pre-scan min_hamming=12 frames=6,SCAN_ACCEPT,5.0
vm_tiktok_com_ZN8rNvaKw___speed080.mp4,Brick,speed080,SCAN,202981:Brick (tmdb=9270),right film,pre-scan,SCAN,SCAN: whole-clip pre-scan min_hamming=8 frames=6,SCAN_ACCEPT,5.5
vm_tiktok_com_ZN8rNvaKw___zoom120.mp4,Brick,zoom120,SCAN,,no answer,early-reject,REJECT,"no-evidence ev=1<4 mh=44>35 cmin=44 after 96 hashes -> no match, early reject",NO_MATCH_REJECT,10.4
vm_tiktok_com_ZN8rNvaKw___filter.mp4,Brick,filter,SCAN,202981:Brick (tmdb=9270),right film,pre-scan,SCAN,SCAN: whole-clip pre-scan min_hamming=8 frames=6,SCAN_ACCEPT,5.8
vm_tiktok_com_ZN8rNvaKw___gray.mp4,Brick,gray,SCAN,202981:Brick (tmdb=9270),right film,pre-scan,SCAN,SCAN: whole-clip pre-scan min_hamming=8 frames=6,SCAN_ACCEPT,5.5
vm_tiktok_com_ZN8rNvaKw___letterbox.mp4,Brick,letterbox,SCAN,,no answer,early-reject,REJECT,"no-evidence ev=1<4 mh=44>35 cmin=44 after 96 hashes -> no match, early reject",NO_MATCH_REJECT,7.2
vm_tiktok_com_ZN8rNvaKw___caption.mp4,Brick,caption,SCAN,,no answer,early-reject,REJECT,"no-evidence ev=1<4 mh=42>35 cmin=42 after 96 hashes -> no match, early reject",NO_MATCH_REJECT,7.0
vm_tiktok_com_ZN8rNvaKw___rot2.mp4,Brick,rot2,SCAN,,no answer,early-reject,REJECT,"no-evidence ev=3<4 mh=44>35 cmin=44 after 96 hashes -> no match, early reject",NO_MATCH_REJECT,7.6
vm_tiktok_com_ZN8rNvaKw___lowq.mp4,Brick,lowq,SCAN,202981:Brick (tmdb=9270),right film,pre-scan,SCAN,SCAN: whole-clip pre-scan min_hamming=8 frames=5,SCAN_ACCEPT,4.7
www_instagram_com_reel_Ddl9xIHoEmj_stkn_MW10MjJjMmtxZXAwZw___mirror.mp4,The Family Plan,mirror,SCAN,,no answer,early-reject,REJECT,"best_hamming=76>47 after 66 hashes -> no match, early reject",NO_MATCH_REJECT,8.3
www_instagram_com_reel_Ddl9xIHoEmj_stkn_MW10MjJjMmtxZXAwZw___speed125.mp4,The Family Plan,speed125,SCAN,6001:The Family Plan (tmdb=1029575),right film,pre-scan,SCAN,SCAN: whole-clip pre-scan min_hamming=14 frames=33,SCAN_ACCEPT,7.0
www_instagram_com_reel_Ddl9xIHoEmj_stkn_MW10MjJjMmtxZXAwZw___speed080.mp4,The Family Plan,speed080,SCAN,6001:The Family Plan (tmdb=1029575),right film,pre-scan,SCAN,SCAN: whole-clip pre-scan min_hamming=14 frames=22,SCAN_ACCEPT,7.1
www_instagram_com_reel_Ddl9xIHoEmj_stkn_MW10MjJjMmtxZXAwZw___zoom120.mp4,The Family Plan,zoom120,SCAN,,ERROR,,,cannot open video: C:\Users\nadaa\pdq_for_nada\data\clips_edited\www_instagram_com_reel_Ddl9xIHoEmj_stkn_MW10MjJjMmtxZXAwZw___zoom120.mp4,,0.4
www_instagram_com_reel_Ddl9xIHoEmj_stkn_MW10MjJjMmtxZXAwZw___filter.mp4,The Family Plan,filter,SCAN,6001:The Family Plan (tmdb=1029575),right film,pre-scan,SCAN,SCAN: whole-clip pre-scan min_hamming=14 frames=25,SCAN_ACCEPT,7.1
www_instagram_com_reel_Ddl9xIHoEmj_stkn_MW10MjJjMmtxZXAwZw___gray.mp4,The Family Plan,gray,SCAN,6001:The Family Plan (tmdb=1029575),right film,pre-scan,SCAN,SCAN: whole-clip pre-scan min_hamming=14 frames=28,SCAN_ACCEPT,6.8
www_instagram_com_reel_Ddl9xIHoEmj_stkn_MW10MjJjMmtxZXAwZw___letterbox.mp4,The Family Plan,letterbox,SCAN,,no answer,early-reject,REJECT,"best_hamming=68>47 after 66 hashes -> no match, early reject",NO_MATCH_REJECT,7.1
www_instagram_com_reel_Ddl9xIHoEmj_stkn_MW10MjJjMmtxZXAwZw___caption.mp4,The Family Plan,caption,SCAN,6001:The Family Plan (tmdb=1029575),right film,pre-scan,SCAN,SCAN: whole-clip pre-scan min_hamming=18 frames=7,SCAN_ACCEPT,6.7
www_instagram_com_reel_Ddl9xIHoEmj_stkn_MW10MjJjMmtxZXAwZw___rot2.mp4,The Family Plan,rot2,SCAN,6001:The Family Plan (tmdb=1029575),right film,streaming-rule,P3.5,P3.5 (Stream-Only-Movie [35-45]): 20 frames @ avg_ham=38.2 (sole candidate after 8.0s),EARLY_ACCEPT,12.9
www_instagram_com_reel_Ddl9xIHoEmj_stkn_MW10MjJjMmtxZXAwZw___lowq.mp4,The Family Plan,lowq,SCAN,6001:The Family Plan (tmdb=1029575),right film,pre-scan,SCAN,SCAN: whole-clip pre-scan min_hamming=14 frames=18,SCAN_ACCEPT,5.7
vm_tiktok_com_ZN8M9JmrK___mirror.mp4,Rise of the Guardians,mirror,SCAN,,no answer,early-reject,REJECT,"best_hamming=76>47 after 66 hashes -> no match, early reject",NO_MATCH_REJECT,5.3
vm_tiktok_com_ZN8M9JmrK___speed125.mp4,Rise of the Guardians,speed125,SCAN,2103:Rise of the Guardians (tmdb=81188),right film,pre-scan,SCAN,SCAN: whole-clip pre-scan min_hamming=4 frames=39,SCAN_ACCEPT,4.3
vm_tiktok_com_ZN8M9JmrK___speed080.mp4,Rise of the Guardians,speed080,SCAN,2103:Rise of the Guardians (tmdb=81188),right film,pre-scan,SCAN,SCAN: whole-clip pre-scan min_hamming=4 frames=50,SCAN_ACCEPT,4.3
vm_tiktok_com_ZN8M9JmrK___zoom120.mp4,Rise of the Guardians,zoom120,SCAN,2103:Rise of the Guardians (tmdb=81188),right film,pre-scan,SCAN,SCAN: whole-clip pre-scan min_hamming=14 frames=13,SCAN_ACCEPT,3.6
vm_tiktok_com_ZN8M9JmrK___filter.mp4,Rise of the Guardians,filter,SCAN,2103:Rise of the Guardians (tmdb=81188),right film,pre-scan,SCAN,SCAN: whole-clip pre-scan min_hamming=4 frames=52,SCAN_ACCEPT,4.2
vm_tiktok_com_ZN8M9JmrK___gray.mp4,Rise of the Guardians,gray,SCAN,2103:Rise of the Guardians (tmdb=81188),right film,pre-scan,SCAN,SCAN: whole-clip pre-scan min_hamming=4 frames=50,SCAN_ACCEPT,4.3
vm_tiktok_com_ZN8M9JmrK___letterbox.mp4,Rise of the Guardians,letterbox,SCAN,,no answer,early-reject,REJECT,"best_hamming=56>47 after 66 hashes -> no match, early reject",NO_MATCH_REJECT,5.4
vm_tiktok_com_ZN8M9JmrK___caption.mp4,Rise of the Guardians,caption,SCAN,2103:Rise of the Guardians (tmdb=81188),right film,pre-scan,SCAN,SCAN: whole-clip pre-scan min_hamming=8 frames=8,SCAN_ACCEPT,4.3
vm_tiktok_com_ZN8M9JmrK___rot2.mp4,Rise of the Guardians,rot2,SCAN,2103:Rise of the Guardians (tmdb=81188),right film,streaming-rule,P3.5,P3.5 (Stream-Only-Movie [35-45]): 22 frames @ avg_ham=39.6 (sole candidate after 2.8s),EARLY_ACCEPT,5.4
vm_tiktok_com_ZN8M9JmrK___lowq.mp4,Rise of the Guardians,lowq,SCAN,2103:Rise of the Guardians (tmdb=81188),right film,pre-scan,SCAN,SCAN: whole-clip pre-scan min_hamming=4 frames=51,SCAN_ACCEPT,4.2
vt_tiktok_com_ZSb19UckU___mirror.mp4,Knights of the Zodiac,mirror,SCAN,,no answer,early-reject,REJECT,"best_hamming=62>47 after 66 hashes -> no match, early reject",NO_MATCH_REJECT,3.0
vt_tiktok_com_ZSb19UckU___speed125.mp4,Knights of the Zodiac,speed125,SCAN,215345:Knights of the Zodiac (tmdb=455476),right film,pre-scan,SCAN,SCAN: whole-clip pre-scan min_hamming=6 frames=9,SCAN_ACCEPT,1.8
vt_tiktok_com_ZSb19UckU___speed080.mp4,Knights of the Zodiac,speed080,SCAN,215345:Knights of the Zodiac (tmdb=455476),right film,pre-scan,SCAN,SCAN: whole-clip pre-scan min_hamming=8 frames=7,SCAN_ACCEPT,1.9
vt_tiktok_com_ZSb19UckU___zoom120.mp4,Knights of the Zodiac,zoom120,SCAN,215345:Knights of the Zodiac (tmdb=455476),right film,pre-scan,SCAN,SCAN: whole-clip pre-scan min_hamming=18 frames=7,SCAN_ACCEPT,1.9
vt_tiktok_com_ZSb19UckU___filter.mp4,Knights of the Zodiac,filter,SCAN,215345:Knights of the Zodiac (tmdb=455476),right film,pre-scan,SCAN,SCAN: whole-clip pre-scan min_hamming=6 frames=9,SCAN_ACCEPT,1.8
vt_tiktok_com_ZSb19UckU___gray.mp4,Knights of the Zodiac,gray,SCAN,215345:Knights of the Zodiac (tmdb=455476),right film,pre-scan,SCAN,SCAN: whole-clip pre-scan min_hamming=8 frames=10,SCAN_ACCEPT,1.6
vt_tiktok_com_ZSb19UckU___letterbox.mp4,Knights of the Zodiac,letterbox,SCAN,,no answer,early-reject,REJECT,"best_hamming=58>47 after 65 hashes -> no match, early reject",NO_MATCH_REJECT,3.3
vt_tiktok_com_ZSb19UckU___caption.mp4,Knights of the Zodiac,caption,SCAN,215345:Knights of the Zodiac (tmdb=455476),right film,pre-scan,SCAN,SCAN: whole-clip pre-scan min_hamming=8 frames=8,SCAN_ACCEPT,1.9
vt_tiktok_com_ZSb19UckU___rot2.mp4,Knights of the Zodiac,rot2,SCAN,215345:Knights of the Zodiac (tmdb=455476),right film,streaming-rule,P3.5,P3.5 (Stream-Only-Movie [35-45]): 20 frames @ avg_ham=37.9 (sole candidate after 13.1s),EARLY_ACCEPT,6.6
vt_tiktok_com_ZSb19UckU___lowq.mp4,Knights of the Zodiac,lowq,SCAN,215345:Knights of the Zodiac (tmdb=455476),right film,pre-scan,SCAN,SCAN: whole-clip pre-scan min_hamming=6 frames=9,SCAN_ACCEPT,1.6
vt_tiktok_com_ZSqK8X9QX___mirror.mp4,The Forge,mirror,SCAN,,no answer,early-reject,REJECT,"best_hamming=80>47 after 66 hashes -> no match, early reject",NO_MATCH_REJECT,3.5
vt_tiktok_com_ZSqK8X9QX___speed125.mp4,The Forge,speed125,SCAN,60097:The Forge (tmdb=1186532),right film,pre-scan,SCAN,SCAN: whole-clip pre-scan min_hamming=0 frames=20,SCAN_ACCEPT,2.1
vt_tiktok_com_ZSqK8X9QX___speed080.mp4,The Forge,speed080,SCAN,60097:The Forge (tmdb=1186532),right film,pre-scan,SCAN,SCAN: whole-clip pre-scan min_hamming=2 frames=22,SCAN_ACCEPT,2.2
vt_tiktok_com_ZSqK8X9QX___zoom120.mp4,The Forge,zoom120,SCAN,,no answer,early-reject,REJECT,"best_hamming=76>47 after 66 hashes -> no match, early reject",NO_MATCH_REJECT,3.6
vt_tiktok_com_ZSqK8X9QX___filter.mp4,The Forge,filter,SCAN,60097:The Forge (tmdb=1186532),right film,pre-scan,SCAN,SCAN: whole-clip pre-scan min_hamming=4 frames=20,SCAN_ACCEPT,2.2
vt_tiktok_com_ZSqK8X9QX___gray.mp4,The Forge,gray,SCAN,60097:The Forge (tmdb=1186532),right film,pre-scan,SCAN,SCAN: whole-clip pre-scan min_hamming=0 frames=21,SCAN_ACCEPT,2.2
vt_tiktok_com_ZSqK8X9QX___letterbox.mp4,The Forge,letterbox,SCAN,,no answer,early-reject,REJECT,"best_hamming=80>47 after 66 hashes -> no match, early reject",NO_MATCH_REJECT,3.7
vt_tiktok_com_ZSqK8X9QX___caption.mp4,The Forge,caption,SCAN,,no answer,early-reject,REJECT,"best_hamming=54>47 after 66 hashes -> no match, early reject",NO_MATCH_REJECT,3.4
vt_tiktok_com_ZSqK8X9QX___rot2.mp4,The Forge,rot2,SCAN,,no answer,early-reject,REJECT,"no-evidence ev=1<4 mh=36>35 cmin=36 after 96 hashes -> no match, early reject",NO_MATCH_REJECT,4.0
vt_tiktok_com_ZSqK8X9QX___lowq.mp4,The Forge,lowq,SCAN,60097:The Forge (tmdb=1186532),right film,pre-scan,SCAN,SCAN: whole-clip pre-scan min_hamming=2 frames=21,SCAN_ACCEPT,2.0
youtube_com_shorts_mJCAh3yiuyU_si_Ovs0LRFJAGvSy3Ib__mirror.mp4,Cocktail 2,mirror,SCAN,,no answer,early-reject,REJECT,"best_hamming=78>47 after 64 hashes -> no match, early reject",NO_MATCH_REJECT,30.4
youtube_com_shorts_mJCAh3yiuyU_si_Ovs0LRFJAGvSy3Ib__speed125.mp4,Cocktail 2,speed125,SCAN,,ERROR,,,cannot open video: C:\Users\nadaa\pdq_for_nada\data\clips_edited\youtube_com_shorts_mJCAh3yiuyU_si_Ovs0LRFJAGvSy3Ib__speed125.mp4,,0.1
youtube_com_shorts_mJCAh3yiuyU_si_Ovs0LRFJAGvSy3Ib__speed080.mp4,Cocktail 2,speed080,SCAN,222924:Cocktail 2 (tmdb=1392469),right film,pre-scan,SCAN,SCAN: whole-clip pre-scan min_hamming=12 frames=8,SCAN_ACCEPT,26.3
youtube_com_shorts_mJCAh3yiuyU_si_Ovs0LRFJAGvSy3Ib__zoom120.mp4,Cocktail 2,zoom120,SCAN,222924:Cocktail 2 (tmdb=1392469),right film,streaming-rule,P3.5,P3.5 (Stream-Only-Movie [35-45]): 23 frames @ avg_ham=37.1 (sole candidate after 6.6s),EARLY_ACCEPT,28.5
youtube_com_shorts_mJCAh3yiuyU_si_Ovs0LRFJAGvSy3Ib__filter.mp4,Cocktail 2,filter,SCAN,222924:Cocktail 2 (tmdb=1392469),right film,pre-scan,SCAN,SCAN: whole-clip pre-scan min_hamming=12 frames=5,SCAN_ACCEPT,26.6
youtube_com_shorts_mJCAh3yiuyU_si_Ovs0LRFJAGvSy3Ib__gray.mp4,Cocktail 2,gray,SCAN,222924:Cocktail 2 (tmdb=1392469),right film,pre-scan,SCAN,SCAN: whole-clip pre-scan min_hamming=14 frames=8,SCAN_ACCEPT,29.2
youtube_com_shorts_mJCAh3yiuyU_si_Ovs0LRFJAGvSy3Ib__letterbox.mp4,Cocktail 2,letterbox,SCAN,,no answer,early-reject,REJECT,"best_hamming=82>47 after 64 hashes -> no match, early reject",NO_MATCH_REJECT,41.4
youtube_com_shorts_mJCAh3yiuyU_si_Ovs0LRFJAGvSy3Ib__caption.mp4,Cocktail 2,caption,SCAN,222924:Cocktail 2 (tmdb=1392469),right film,pre-scan,SCAN,SCAN: whole-clip pre-scan min_hamming=14 frames=8,SCAN_ACCEPT,55.1
youtube_com_shorts_mJCAh3yiuyU_si_Ovs0LRFJAGvSy3Ib__rot2.mp4,Cocktail 2,rot2,SCAN,222924:Cocktail 2 (tmdb=1392469),right film,streaming-rule,P3.5,P3.5 (Stream-Only-Movie [35-45]): 21 frames @ avg_ham=41.0 (sole candidate after 18.9s),EARLY_ACCEPT,59.0
youtube_com_shorts_mJCAh3yiuyU_si_Ovs0LRFJAGvSy3Ib__lowq.mp4,Cocktail 2,lowq,SCAN,222924:Cocktail 2 (tmdb=1392469),right film,pre-scan,SCAN,SCAN: whole-clip pre-scan min_hamming=14 frames=8,SCAN_ACCEPT,23.3
